"","estimate","p.value","conf.low","conf.high","analysis","ascn"
"1",1.64748984411727,0.00108799213305448,1.22105105204974,2.22285774367359,"PFS_univariate","Other_LOH"
"2",1.44461397374721,0.00177990615247212,1.14695790163258,1.81951711582019,"PFS_univariate","Het_loss"
"3",1.09843314612063,0.58236691730781,0.786059817443734,1.53494091635441,"PFS_multivariate","Other_LOH"
"4",1.4762474024495,0.00165599818352739,1.15815837759951,1.8816998049575,"PFS_multivariate","Het_loss"
"5",1.95931749030625,1.43144545628926e-05,1.445965636014,2.65492134266932,"OS_univariate","Other_LOH"
"6",1.09297380274769,0.501841136104404,0.843203202655179,1.41673054577008,"OS_univariate","Het_loss"
"7",1.39263889562054,0.0585615742105915,0.988078269492504,1.96284358585411,"OS_multivariate","Other_LOH"
"8",1.08645003750067,0.562686082541099,0.820509161931317,1.43858684186638,"OS_multivariate","Het_loss"
